{
  "name": "perturbation_test",
  "continuation_mismatch_mean": 0.025514210643897042,
  "continuation_mismatch_max": 0.09425435066119459,
  "continuation_mismatch_next_mean": 0.025514210643897042,
  "caution_mean": 0.7219736100660802,
  "recovery_mean": 0.12691263600234604,
  "residue_commit_rate": 0.016,
  "final_groove_size": 10,
  "trace_path": "logs/feedback_trace_phase1_perturbation_test.jsonl"
}