{
  "name": "baseline_train_A_pass1",
  "delta_phi_mean": 0.002133243151949902,
  "delta_phi_max": 0.07262651471814974,
  "caution_mean": 0.7418069252032896,
  "recovery_mean": 0.12874854097591396,
  "residue_commit_rate": 0.0,
  "trace_path": "logs/feedback_trace_phase1_baseline_train_A_pass1.jsonl"
}