{
  "name": "baseline_train_A_pass1",
  "continuation_mismatch_mean": 0.011573630690887852,
  "continuation_mismatch_max": 0.14816421090213117,
  "continuation_mismatch_next_mean": 0.011573630690887852,
  "caution_mean": 0.7287002995547212,
  "recovery_mean": 0.12859661312283138,
  "residue_commit_rate": 0.006,
  "final_groove_size": 10,
  "trace_path": "logs/feedback_trace_phase1_baseline_train_A_pass1.jsonl"
}