{
  "name": "baseline_train_A_pass1",
  "continuation_mismatch_mean": 0.0009939607487855517,
  "continuation_mismatch_max": 0.033674646044545176,
  "continuation_mismatch_next_mean": 0.002214106111515272,
  "caution_mean": 0.742881317837754,
  "recovery_mean": 0.1273232660017569,
  "residue_commit_rate": 0.0,
  "final_groove_size": 128,
  "trace_path": "logs/feedback_trace_phase1_baseline_train_A_pass1.jsonl"
}