{
  "name": "contrast_test_B",
  "continuation_mismatch_mean": 0.01811478334013029,
  "continuation_mismatch_max": 0.09232738903013726,
  "continuation_mismatch_next_mean": 0.01811478334013029,
  "caution_mean": 0.7226251082352896,
  "recovery_mean": 0.13063833640285843,
  "residue_commit_rate": 0.0,
  "final_groove_size": 13,
  "trace_path": "logs/feedback_trace_phase1_contrast_test_B.jsonl"
}