{
  "name": "contrast_test_B",
  "delta_phi_mean": 0.002831283161200281,
  "delta_phi_max": 0.08487787613189723,
  "caution_mean": 0.7369119616674409,
  "recovery_mean": 0.12999571034350396,
  "residue_commit_rate": 0.0,
  "trace_path": "logs/feedback_trace_phase1_contrast_test_B.jsonl"
}