{
  "name": "replay_A",
  "continuation_mismatch_mean": 0.011818916326603066,
  "continuation_mismatch_max": 0.11432970256437325,
  "continuation_mismatch_next_mean": 0.011818916326603066,
  "caution_mean": 0.7339975203531396,
  "recovery_mean": 0.12746739145699262,
  "residue_commit_rate": 0.006,
  "final_groove_size": 11,
  "trace_path": "logs/feedback_trace_phase1_replay_A.jsonl"
}