{
  "name": "continuation_test_A_tail_removed",
  "delta_phi_mean": 0.002923475310281585,
  "delta_phi_max": 0.07591228945416006,
  "caution_mean": 0.7399333713658942,
  "recovery_mean": 0.12965529714682467,
  "residue_commit_rate": 0.0,
  "trace_path": "logs/feedback_trace_phase1_continuation_test_A_tail_removed.jsonl"
}