{
  "name": "baseline_train_A_pass2",
  "delta_phi_mean": 0.002344616622582519,
  "delta_phi_max": 0.07995039724358388,
  "caution_mean": 0.7425427614408592,
  "recovery_mean": 0.12841322904492483,
  "residue_commit_rate": 0.0,
  "trace_path": "logs/feedback_trace_phase1_baseline_train_A_pass2.jsonl"
}