{
  "name": "baseline_train_A_pass2",
  "continuation_mismatch_mean": 0.012095490675369086,
  "continuation_mismatch_max": 0.12762423486369756,
  "continuation_mismatch_next_mean": 0.012095490675369086,
  "caution_mean": 0.7317310747897634,
  "recovery_mean": 0.12819054379546643,
  "residue_commit_rate": 0.002,
  "final_groove_size": 10,
  "trace_path": "logs/feedback_trace_phase1_baseline_train_A_pass2.jsonl"
}