{
  "name": "baseline_train_A_pass2",
  "continuation_mismatch_mean": 0.011140624850610927,
  "continuation_mismatch_max": 0.10412743287260695,
  "continuation_mismatch_next_mean": 0.011140624850610927,
  "caution_mean": 0.7327717166343348,
  "recovery_mean": 0.1281372914774101,
  "residue_commit_rate": 0.004,
  "final_groove_size": 10,
  "trace_path": "logs/feedback_trace_phase1_baseline_train_A_pass2.jsonl"
}