{
  "name": "transition_test",
  "delta_phi_mean": 0.003963209840280421,
  "delta_phi_max": 0.19740627853844284,
  "caution_mean": 0.7386208408445004,
  "recovery_mean": 0.12761203144205857,
  "residue_commit_rate": 0.004,
  "trace_path": "logs/feedback_trace_phase1_transition_test.jsonl"
}