{
  "T1_learning": {
    "A_pass1_mean": 0.013807351683054758,
    "replay_A_mean": 0.03757938639744683,
    "reinforce_rate_mean": 0.0708
  },
  "T4_withheld": {
    "trained_mean": 0.04379754669648943,
    "untrained_mean": 0.024885338506427174
  }
}