pass,mismatch_mean,mismatch_std
1,0.010978887296413088,0.0007066936645578575
2,0.011548018757196962,0.0005547530960389886
3,0.012710069089107389,0.00255328002827547
4,0.01294556857070497,0.002315398953217173
5,0.014307014890697337,0.003335167313375317
replay,0.011969445804492228,0.0009582288798112974
