pass,mismatch_mean,mismatch_std
1,0.013807351683054758,0.006428009735308465
2,0.02733911556893524,0.008442951073909466
3,0.027358192059158525,0.010260213097321459
4,0.031904116626775614,0.01044230979877804
5,0.045242493105115036,0.005088298311664287
replay,0.03757938639744683,0.008945218795751171
